<?xml version="1.0" encoding="UTF-8" ?>
<extension type="package" version="3.9" method="upgrade">
	<name>Desingit Package</name>
	<author>Designit</author>
	<creationDate>October 2018</creationDate>
	<packagename>designit</packagename>
	<version>1.0.0</version>
	<url>https://designbold.com</url>
	<packager>Designbold designit team</packager>
	<packagerurl>https://github.com/designboldgit/joomla-designit-extension</packagerurl>
	<description>Designit package</description>
	<license>GNU/GPLv3 http://www.gnu.org/licenses/gpl-3.0.html</license>
	<updateservers>
		<server type="extension" priority="2" name="Designit package updates">https://github.com/designboldgit/joomla-designit-extension/blob/master/update_package.xml</server>
	</updateservers>
	<files folder="packages">
		<file type="component" id="com_designit" >com_designit.zip</file>
		<file type="plugin" id="designit" group="system">plg_designit.zip</file>
	</files>
</extension>