<?xml version="1.0" encoding="utf-8"?>
<extension type="component" version="3.9" method="upgrade">
	<name>Designit</name>
	<creationDate>October 2018</creationDate>
	<author>Designit</author>
	<authorEmail>tranviethiepdz@gmail.com</authorEmail>
	<authorUrl>https://designbold.com</authorUrl>
	<copyright>(C) 2018 Open Source Matters. All rights reserved.</copyright>
	<license>GNU/GPLv3 http://www.gnu.org/licenses/gpl-3.0.html</license>
	<version>1.0.0</version>
	<description>Desigbold designit create a component handle upload image</description>

	<!-- Create file in administrator/components/com_helloword -->
	<administration>
		<files folder="admin">
			<!-- Admin Main File Copy Section -->
			<filename>index.html</filename>
			<filename>designit.php</filename>
		</files>
	</administration>
</extension>